time_utc,session,instrument,ticker,direction,action,why,quantity,price,notional_usdt,fee_usdt,realized_pnl_usdt,balance_after_usdt,balance_change_usdt
2026-07-21T09:00:00Z,2026-07-21,RCOINUSDT,COIN,buy,open long,agent decision,6.006547,166.5682,1000.50,1.0005,0.00,9998.50,-1.50
2026-07-21T13:45:00Z,2026-07-21,RCOINUSDT,COIN,sell,close long,flat 15 min after the open,6.006547,174.1929,1046.30,1.0463,45.80,10043.75,+45.25
2026-07-22T21:00:00Z,2026-07-23,RGOOGLUSDT,GOOGL,sell,open short,agent decision,3.064922,327.5362,1003.87,1.0039,0.00,10042.24,-1.51
2026-07-23T03:00:00Z,2026-07-23,RGOOGLUSDT,GOOGL,sell,add,agent decision,1.443536,333.3532,481.21,0.4812,0.00,10023.68,-18.56
2026-07-23T03:00:00Z,2026-07-23,RTSLAUSDT,TSLA,sell,open short,agent decision,4.193893,358.3307,1502.80,1.5028,0.00,10021.43,-2.25
2026-07-23T09:00:00Z,2026-07-23,RGOOGLUSDT,GOOGL,sell,add,agent decision,1.604130,329.1254,527.96,0.5280,0.00,10063.28,+41.85
2026-07-23T09:00:00Z,2026-07-23,RTSLAUSDT,TSLA,sell,add,agent decision,1.509458,352.7136,532.41,0.5324,0.00,10062.48,-0.80
2026-07-23T13:45:00Z,2026-07-23,RGOOGLUSDT,GOOGL,buy,close short,flat 15 min after the open,6.112588,320.6052,1959.73,1.9597,53.31,10219.52,+157.04
2026-07-23T13:45:00Z,2026-07-23,RTSLAUSDT,TSLA,buy,close short,flat 15 min after the open,5.703352,334.4872,1907.70,1.9077,127.51,10216.66,-2.86
2026-07-30T03:00:00Z,2026-07-30,RMETAUSDT,META,sell,open short,agent decision,1.878545,543.5881,1021.15,1.0212,0.00,10215.12,-1.53
2026-07-30T03:00:00Z,2026-07-30,RMSFTUSDT,MSFT,buy,open long,agent decision,2.421334,422.0909,1022.02,1.0220,0.00,10213.59,-1.53
2026-07-30T09:00:00Z,2026-07-30,RMETAUSDT,META,sell,add,agent decision,1.011636,531.1543,537.33,0.5373,0.00,10238.53,+24.94
2026-07-30T09:00:00Z,2026-07-30,RMSFTUSDT,MSFT,buy,add,agent decision,1.210551,423.0714,512.15,0.5121,0.00,10237.76,-0.77
2026-07-30T13:45:00Z,2026-07-30,RMETAUSDT,META,buy,close short,flat 15 min after the open,2.890181,531.9859,1537.54,1.5375,20.95,10330.43,+92.67
2026-07-30T13:45:00Z,2026-07-30,RMSFTUSDT,MSFT,sell,close long,flat 15 min after the open,3.631886,449.0254,1630.81,1.6308,96.64,10327.99,-2.45
2026-07-30T21:00:00Z,2026-07-31,RAMZNUSDT,AMZN,buy,open long,agent decision,6.500443,254.3371,1653.30,1.6533,0.00,10325.51,-2.48
2026-07-30T21:00:00Z,2026-07-31,RAAPLUSDT,AAPL,sell,open short,agent decision,3.894091,318.0309,1238.44,1.2384,0.00,10323.65,-1.86
2026-07-30T21:00:00Z,2026-07-31,RCOINUSDT,COIN,sell,open short,agent decision,4.029003,153.6631,619.11,0.6191,0.00,10322.72,-0.93
2026-07-31T03:00:00Z,2026-07-31,RAAPLUSDT,AAPL,sell,add,agent decision,2.058868,313.6731,645.81,0.6458,0.00,10378.02,+55.30
2026-07-31T03:00:00Z,2026-07-31,RAMZNUSDT,AMZN,buy,add,agent decision,1.447795,261.2706,378.27,0.3783,0.00,10377.45,-0.57
2026-07-31T03:00:00Z,2026-07-31,RCOINUSDT,COIN,sell,add,agent decision,2.658790,155.0924,412.36,0.4124,0.00,10376.83,-0.62
2026-07-31T09:00:00Z,2026-07-31,RAAPLUSDT,AAPL,sell,add,agent decision,0.776764,309.3453,240.29,0.2403,0.00,10413.89,+37.06
2026-07-31T13:45:00Z,2026-07-31,RAMZNUSDT,AMZN,sell,close long,flat 15 min after the open,7.948239,265.9420,2113.77,2.1138,82.20,10526.17,+112.29
2026-07-31T13:45:00Z,2026-07-31,RAAPLUSDT,AAPL,buy,close short,flat 15 min after the open,6.729723,304.9424,2052.18,2.0522,72.36,10523.10,-3.08
2026-07-31T13:45:00Z,2026-07-31,RCOINUSDT,COIN,buy,close short,flat 15 min after the open,6.687793,146.8434,982.06,0.9821,49.41,10521.62,-1.47
2026-08-01T03:00:00Z,2026-08-03,RNVDAUSDT,NVDA,sell,open short,agent decision,4.338813,193.9030,841.31,0.8413,0.00,10520.36,-1.26
2026-08-01T03:30:00Z,2026-08-03,RNVDAUSDT,NVDA,buy,close short,position stop,4.338813,201.4907,874.23,0.8742,-32.92,10486.99,-33.37
2026-08-01T21:00:00Z,2026-08-03,RGOOGLUSDT,GOOGL,buy,open long,agent decision,1.836064,342.8713,629.53,0.6295,0.00,10486.04,-0.94
2026-08-02T21:00:00Z,2026-08-03,RGOOGLUSDT,GOOGL,sell,close long,agent decision,1.836064,353.4832,649.02,0.6490,19.48,10505.19,+19.15
2026-08-20T09:00:00Z,2026-08-20,RCOINUSDT,COIN,buy,open long,agent decision,4.912124,171.1755,840.84,0.8408,0.00,10503.93,-1.26
2026-08-20T13:45:00Z,2026-08-20,RCOINUSDT,COIN,sell,close long,flat 15 min after the open,4.912124,171.7441,843.63,0.8436,2.79,10506.30,+2.37
2026-08-21T09:00:00Z,2026-08-21,RCOINUSDT,COIN,buy,open long,agent decision,5.673560,185.2726,1051.16,1.0512,0.00,10504.72,-1.58
2026-08-21T13:45:00Z,2026-08-21,RCOINUSDT,COIN,sell,close long,flat 15 min after the open,5.673560,188.0759,1067.06,1.0671,15.90,10520.09,+15.36
2026-08-25T03:00:00Z,2026-08-25,RCOINUSDT,COIN,buy,open long,agent decision,4.573950,184.0920,842.03,0.8420,0.00,10518.82,-1.26
2026-08-25T12:15:00Z,2026-08-25,RCOINUSDT,COIN,sell,close long,position stop,4.573950,178.0010,814.17,0.8142,-27.86,10490.57,-28.25
2026-08-26T21:00:00Z,2026-08-27,RNVDAUSDT,NVDA,buy,open long,agent decision,3.990706,210.4051,839.67,0.8397,0.00,10489.31,-1.26
2026-08-27T03:00:00Z,2026-08-27,RNVDAUSDT,NVDA,buy,add,agent decision,3.158014,221.1005,698.24,0.6982,0.00,10530.92,+41.61
2026-08-27T09:00:00Z,2026-08-27,RNVDAUSDT,NVDA,buy,add,agent decision,2.184890,226.6132,495.12,0.4951,0.00,10569.57,+38.65
2026-08-27T13:45:00Z,2026-08-27,RNVDAUSDT,NVDA,sell,close long,flat 15 min after the open,9.333610,224.8375,2098.55,2.0985,65.52,10551.96,-17.62
2026-08-29T03:00:00Z,2026-08-31,RAAPLUSDT,AAPL,sell,open short,agent decision,1.627434,324.0279,527.33,0.5273,0.00,10551.16,-0.79
2026-08-30T09:00:00Z,2026-08-31,RAAPLUSDT,AAPL,sell,add,agent decision,1.639992,322.8185,529.42,0.5294,0.00,10552.34,+1.17
2026-08-30T15:00:00Z,2026-08-31,RAAPLUSDT,AAPL,buy,close short,agent decision,3.267426,323.4416,1056.82,1.0568,-0.07,10549.77,-2.57
2026-09-14T09:00:00Z,2026-09-14,RQQQUSDT,QQQ,buy,open long,agent decision,1.501448,702.9913,1055.50,1.0555,0.00,10548.19,-1.58
2026-09-14T13:45:00Z,2026-09-14,RQQQUSDT,QQQ,sell,close long,flat 15 min after the open,1.501448,704.1328,1057.22,1.0572,1.71,10549.37,+1.18
2026-09-18T09:00:00Z,2026-09-18,RCOINUSDT,COIN,buy,open long,agent decision,4.686528,180.1700,844.37,0.8444,0.00,10548.11,-1.27
2026-09-18T13:45:00Z,2026-09-18,RCOINUSDT,COIN,sell,close long,flat 15 min after the open,4.686528,182.0239,853.06,0.8531,8.69,10556.37,+8.26
2026-09-21T09:00:00Z,2026-09-21,RCOINUSDT,COIN,buy,open long,agent decision,4.189242,201.6908,844.93,0.8449,0.00,10555.10,-1.27
2026-09-21T13:45:00Z,2026-09-21,RCOINUSDT,COIN,sell,close long,flat 15 min after the open,4.189242,205.4422,860.65,0.8606,15.72,10570.38,+15.28
2026-10-01T09:00:00Z,2026-10-01,RGOOGLUSDT,GOOGL,sell,open short,agent decision,1.808190,350.5746,633.91,0.6339,0.00,10569.42,-0.95
2026-10-01T13:45:00Z,2026-10-01,RGOOGLUSDT,GOOGL,buy,close short,flat 15 min after the open,1.808190,344.8023,623.47,0.6235,10.44,10579.56,+10.13
